Speaker,Role,Statement,Sentiment Label,Confidence Rate,Sentiment Score,Emotion,Strategic Focus Areas
Suhasini Chandramouli,"Director, Investor Relations","Good afternoon, and welcome to the Apple Q1 Fiscal Year 2025 Earnings Conference Call.",Neutral,0.6658961772918701,0.30735430121421814,joy,Apple Q1 Fiscal Year
Suhasini Chandramouli,"Director, Investor Relations","My name is Suhasini Chandramouli, Director of Investor Relations.",Neutral,0.9335843324661255,0.000260278582572937,neutral,Investor Relations
Suhasini Chandramouli,"Director, Investor Relations",Today's call is being recorded.,Neutral,0.9384378790855408,-0.019006093963980675,neutral,Today
Suhasini Chandramouli,"Director, Investor Relations","Speaking first today are Apple CEO, Tim Cook, and he will be followed by CFO, Kevan Parekh.",Neutral,0.9341868162155151,-0.02136888913810253,neutral,"today, Apple, CFO"
Suhasini Chandramouli,"Director, Investor Relations","After that, we'll open the call to questions from analysts.",Neutral,0.9114649295806885,0.056613460183143616,neutral,No Strategic Focus Areas
Suhasini Chandramouli,"Director, Investor Relations","Please note that some of the information you'll hear during our discussion today will consist of forward-looking statements, including, without limitation, those regarding revenue, gross margin, operating expenses, other income and expense, taxes, capital allocation, and future business outlook, including the potential impact of macroeconomic conditions on the company's business and results of operations.",Neutral,0.9410457611083984,0.003183063119649887,neutral,today
Suhasini Chandramouli,"Director, Investor Relations",These statements involve risks and uncertainties that may cause actual results or trends to differ materially from our forecast.,Negative,0.8210732936859131,-0.7934350967407227,neutral,No Strategic Focus Areas
Suhasini Chandramouli,"Director, Investor Relations","For more information, please refer to the risk factors discussed in Apple's most recently filed annual report on Form 10-K and the Form 8-K filed with the SEC today along with the associated press release.",Neutral,0.9487431645393372,0.004557320848107338,neutral,"Apple, annual, SEC, today"
Suhasini Chandramouli,"Director, Investor Relations","Apple assumes no obligation to update any forward-looking statements, which speak only as of the date they are made.",Neutral,0.9321234822273254,-0.035322390496730804,neutral,Apple
Suhasini Chandramouli,"Director, Investor Relations",I'd now like to turn the call over to Tim for introductory remarks.,Neutral,0.9216513633728027,0.05435147508978844,neutral,No Strategic Focus Areas
Tim Cook,Chief Executive Officer,Before I talk about our results I'd like to take a moment to acknowledge the devastating wildfires that impacted the Los Angeles area this month.,Neutral,0.8792853355407715,0.0005033276975154877,sadness,"Los Angeles, month"
Tim Cook,Chief Executive Officer,"From our retail teams to Apple TV+, Apple Music, Fitness Plus, Beats and more LA is home to many of our team members.",Neutral,0.893802285194397,0.08599057793617249,neutral,"Apple, Apple Music, Fitness Plus, LA"
Tim Cook,Chief Executive Officer,Our thoughts are with everyone who is beginning the road to recovery.,Neutral,0.700335681438446,0.2786213755607605,neutral,No Strategic Focus Areas
Tim Cook,Chief Executive Officer,"For our part, we are contributing to the relief efforts and we will continue to support our teams and the local community.",Positive,0.8398562073707581,0.8301590085029602,joy,No Strategic Focus Areas
Tim Cook,Chief Executive Officer,"Today, Apple is reporting revenue of $124.3 billion for the December quarter, up 4% from a year ago, and an all-time record.",Positive,0.952262282371521,0.9289494156837463,surprise,"Today, Apple, $124.3 billion, December quarter, 4%, year ago"
Tim Cook,Chief Executive Officer,"EPS also set an all-time record of $2.40, 10% higher year-over-year.",Positive,0.9371272921562195,0.918937087059021,neutral,"EPS, 2.40, 10%, year--year"
Tim Cook,Chief Executive Officer,"We achieved all-time revenue records across the majority of the countries and regions we track, including the Americas, Europe, Japan, and the rest of Asia Pacific.",Positive,0.9122514128684998,0.9010846614837646,neutral,Japan
Tim Cook,Chief Executive Officer,"We also continue to see momentum in emerging markets, setting all-time revenue records in a number of markets, including Latin America, the Middle East, and South Asia, among others.",Positive,0.9434494376182556,0.9309224486351013,neutral,No Strategic Focus Areas
Tim Cook,Chief Executive Officer,"In services, we achieved an all-time revenue record, and in the past year, we've seen nearly $100 billion in revenue from our services business.",Positive,0.9235771894454956,0.9116277694702148,joy,"past year, nearly $100 billion"
Tim Cook,Chief Executive Officer,I'm also pleased to announce that we reached a new record for our installed base with over 2.35 billion active devices.,Positive,0.914815366268158,0.9053938984870911,joy,2.35 billion
Tim Cook,Chief Executive Officer,"In October, we released the first set of Apple Intelligence features in U.S. English for iPhone, iPad, and Mac, and we rolled out more features and expanded to more countries in December.",Neutral,0.7471326589584351,0.2342042326927185,neutral,"October, Apple Intelligence, U.., iPhone, iPad, December"
Tim Cook,Chief Executive Officer,Now users can discover the benefits of these new features in the things they do every day.,Neutral,0.8475031852722168,0.1328437626361847,neutral,No Strategic Focus Areas
Tim Cook,Chief Executive Officer,"They can use writing tools to help find just the right words, create fun and unique images with Image Playground and Genmoji, handle daily tasks and seek out information with a more natural and conversational Siri, create movies of their memories with a simple prompt, and touch up their photos with clean up.",Neutral,0.9273200035095215,0.037849463522434235,neutral,No Strategic Focus Areas
Tim Cook,Chief Executive Officer,We introduced visual intelligence with camera control to help users instantly learn about their surroundings.,Neutral,0.8682335019111633,0.1072225570678711,neutral,No Strategic Focus Areas
Tim Cook,Chief Executive Officer,"Users can also seamlessly access chat GPT across iOS, iPadOS and MacOS.",Neutral,0.8463534116744995,0.13648176193237305,neutral,GPT
Tim Cook,Chief Executive Officer,"And we were excited to recently begin our international expansion with Apple Intelligence now available in Australia, Canada, New Zealand, South Africa, and the U.K. We're working hard to take Apple Intelligence even further.",Positive,0.8547508120536804,0.8465578556060791,joy,"Apple Intelligence, Australia, Canada, New Zealand, South Africa, U.K., Apple Intelligence"
Tim Cook,Chief Executive Officer,"In April, we're bringing Apple Intelligence to more languages, including French, German, Italian, Portuguese, Spanish, Japanese, Korean, and simplified Chinese, as well as localized English to Singapore and India.",Neutral,0.6638737916946411,0.3173396587371826,neutral,"April, Apple Intelligence, Singapore, India"
Tim Cook,Chief Executive Officer,"And we'll continue to roll out more features in the future, including an even more capable Siri.",Positive,0.8322275876998901,0.8251086473464966,neutral,No Strategic Focus Areas
Tim Cook,Chief Executive Officer,Apple Intelligence builds on years of innovations we've made across hardware and software to transform how users experience our products.,Neutral,0.5370316505432129,0.4451676905155182,neutral,"Apple Intelligence, years"
Tim Cook,Chief Executive Officer,Apple Intelligence also empowers users by delivering personal context that's relevant to them.,Neutral,0.7282871603965759,0.2556181252002716,neutral,Apple Intelligence
Tim Cook,Chief Executive Officer,"And importantly, Apple Intelligence is a breakthrough for privacy and AI with innovations like Private Cloud Compute, which extends the industry-leading security and privacy of Apple devices into the cloud.",Positive,0.604469358921051,0.5936355590820312,neutral,"Apple Intelligence, Private Cloud Compute, Apple"
Tim Cook,Chief Executive Officer,"Apple Intelligence opens up an exciting new frontier and is already elevating experiences across iPhone, iPad, and Mac.",Positive,0.800020694732666,0.7908077239990234,neutral,"Apple Intelligence, iPhone, iPad"
Tim Cook,Chief Executive Officer,We're going to keep investing in innovation and in transformative tools that help users in their everyday lives.,Neutral,0.6387559175491333,0.3416544795036316,neutral,No Strategic Focus Areas
Tim Cook,Chief Executive Officer,"Let me now turn to our results for the quarter, starting with iPhone.",Neutral,0.9195507168769836,0.025300730019807816,neutral,"quarter, iPhone"
Tim Cook,Chief Executive Officer,"iPhone revenue came in at $69.1 billion, reaching all-time iPhone revenue records in dozens of markets and regions.",Positive,0.8622271418571472,0.8429855108261108,neutral,"iPhone, $69.1 billion, iPhone, dozens"
Tim Cook,Chief Executive Officer,"Our iPhone 16 lineup takes the smartphone experience to the next level in so many ways, and Apple Intelligence is one of many reasons why customers are excited.",Neutral,0.6041494607925415,0.37073051929473877,joy,"iPhone 16, Apple Intelligence, one"
Tim Cook,Chief Executive Officer,"With the A18 powered iPhone 16 and iPhone 16 Plus, users are getting a big boost in battery life and incredible camera experiences with camera control.",Positive,0.8557108640670776,0.8457934856414795,neutral,"A18, 16, iPhone 16 Plus"
Tim Cook,Chief Executive Officer,Our amazingly powerful iPhone 16 Pro models go even further with larger-than-ever displays and a pro camera system so advanced it can turn moments into masterpieces.,Positive,0.6073316335678101,0.5958419442176819,neutral,16
Tim Cook,Chief Executive Officer,"In Mac, revenue was $9 billion for the December quarter, 16% higher year-over-year, driven by significant excitement around the world for our latest Mac lineup.",Positive,0.9582881331443787,0.9366044998168945,joy,"$9 billion, December quarter, 16%, year--year"
Tim Cook,Chief Executive Officer,The Mac is more than just a powerful tool.,Neutral,0.8762637972831726,0.10012752562761307,neutral,No Strategic Focus Areas
Tim Cook,Chief Executive Officer,It's a launchpad to enable users to bring their best ideas and boldest creations to life.,Neutral,0.8140670657157898,0.16849283874034882,neutral,No Strategic Focus Areas
Tim Cook,Chief Executive Officer,"And there are so many reasons to choose Mac, from the breathtaking performance of the M4 family of chips to the groundbreaking and growing capabilities of Apple Intelligence.",Neutral,0.7047975659370422,0.27659597992897034,neutral,"M4, Apple Intelligence"
Tim Cook,Chief Executive Officer,"Every product in the Mac lineup offers something extraordinary, whether that's the super portable MacBook Air, the powerhouse MacBook Pro, the world's best all-in-one iMac, or the small wonder that is the Mac Mini, which is not only stunningly capable, but is our first carbon neutral Mac.",Neutral,0.779574453830719,0.19831238687038422,surprise,"MacBook Air, MacBook Pro, one, iMac, Mac Mini"
Tim Cook,Chief Executive Officer,All of this is enabled by the unparalleled power of Apple Silicon.,Neutral,0.8181716799736023,0.16607317328453064,neutral,Apple Silicon
Tim Cook,Chief Executive Officer,"iPad revenue was $8.1 billion, up 15% from a year ago, driven by strong interest for our latest products.",Positive,0.9578297734260559,0.9385048747062683,joy,"iPad, $8.1 billion, 15%, year ago"
Tim Cook,Chief Executive Officer,"We love hearing from customers, who are discovering for the first time the versatility of iPad from the ultra-portal iPad Mini, built from the ground up for Apple intelligence, to the powerful M4 iPad Pro in a stunningly thin and light design.",Neutral,0.670487105846405,0.3117550313472748,joy,"iPad, iPad Mini, Apple, M4 iPad Pro"
Tim Cook,Chief Executive Officer,iPad is there for our users whenever they need it and wherever they go and we are pleased to see so much excitement and enthusiasm for our lineup.,Positive,0.7113211750984192,0.70111483335495,joy,iPad
Tim Cook,Chief Executive Officer,Wearables home and accessories revenue came in at $11.7 billion.,Neutral,0.8395788073539734,0.10744373500347137,neutral,$11.7 billion
Tim Cook,Chief Executive Officer,"With its most advanced display yet and a thinner more comfortable design, the all-new Apple Watch Series 10 is the perfect companion to help users pursue their health and fitness goals this year.",Positive,0.6770895719528198,0.6670381426811218,neutral,"Apple Watch Series 10, year"
Tim Cook,Chief Executive Officer,"From the powerful Vitals app to more customizable activity rings, users have an ever-increasing set of innovative health tools at their fingertips and watchOS 11.",Neutral,0.8181509971618652,0.16288554668426514,neutral,11
Tim Cook,Chief Executive Officer,"Health innovation has long been a focus for us, and we're committed to continuing to advance this work, because we know how much it matters to our users.",Neutral,0.5392919182777405,0.44057953357696533,neutral,No Strategic Focus Areas
Tim Cook,Chief Executive Officer,"We've introduced new hearing health features on AirPods Pro 2, and new sleep apnea notifications on Apple Watch are also helping users learn of a potentially serious condition that's thought to affect up to a billion people worldwide.",Positive,0.6169901490211487,0.6030035614967346,neutral,"AirPods Pro 2, Apple Watch, billion"
Tim Cook,Chief Executive Officer,"During the quarter, we also brought Apple Vision Pro to even more countries, enabling more customers to discover the magic of spatial computing.",Positive,0.8389289379119873,0.8310161828994751,neutral,"quarter, Apple Vision Pro"
Tim Cook,Chief Executive Officer,Users are enjoying incredible immersive entertainment experiences and powerful new features and enhancements to Mac virtual display.,Positive,0.697488009929657,0.6863784790039062,joy,No Strategic Focus Areas
Tim Cook,Chief Executive Officer,Vision Pro is also supercharging the creative process and the incredibly talented director John M. Chu recently shared how its extraordinary capabilities helped him bring the movie Wicked to life.,Neutral,0.5923290848731995,0.3864026963710785,joy,Vision Pro
Tim Cook,Chief Executive Officer,"Turning to services, we set an all-time revenue record of $26.3 billion for the December quarter, growing 14% from a year ago.",Positive,0.9496374130249023,0.9284504055976868,surprise,"$26.3 billion, December quarter, 14%, year ago"
Tim Cook,Chief Executive Officer,"We set all-time records in the Americas, Europe, and rest of Asia-Pacific, and a December quarter record in Japan.",Positive,0.808497428894043,0.796019971370697,neutral,"December quarter, Japan"
Tim Cook,Chief Executive Officer,"Five years since launch, Apple TV+ continues to be home to incredible storytelling that viewers love.",Neutral,0.6167982816696167,0.3603486120700836,neutral,"Five years, Apple"
Tim Cook,Chief Executive Officer,"There's nothing quite like the anticipation that comes when a fan favorite returns, and we were thrilled to debut the second season of Severance earlier this month.",Neutral,0.7550971508026123,0.20731624960899353,joy,"second season Severance, earlier month"
Tim Cook,Chief Executive Officer,We have so much in store for our subscribers this year with new shows like The Studio and Your Friends and Neighbors.,Neutral,0.6699172854423523,0.307243287563324,joy,"year, Studio Friends Neighbors"
Tim Cook,Chief Executive Officer,"And we can't wait for the premiere of Formula 1 starring Brad Pitt on June 27, which will take viewers inside the sport in a truly unprecedented way.",Neutral,0.7248716950416565,0.254198282957077,joy,June 27
Tim Cook,Chief Executive Officer,We're excited that Apple TV+ continues to draw attention and accolades.,Positive,0.9170364141464233,0.9065912961959839,joy,Apple
Tim Cook,Chief Executive Officer,"To-date, Apple TV+ productions have earned more than 2,500 nominations and 538 wins.",Positive,0.6644642353057861,0.6484280228614807,neutral,"Apple, 2,500, 538"
Tim Cook,Chief Executive Officer,"During the quarter, we were also excited to launch a new Find My Service that can help our users when they lose their luggage.",Positive,0.5474551916122437,0.5296870470046997,joy,"quarter, Find Service"
Tim Cook,Chief Executive Officer,"For the first time, if you put an air tag in your suitcase, you'll be able to share its location information with many major airlines, so they can quickly track down your bags if they get lost.",Neutral,0.8753083944320679,0.09768256545066833,neutral,No Strategic Focus Areas
Tim Cook,Chief Executive Officer,"Turning to retail, our teams went above and beyond to help customers find the perfect gift throughout the holiday season.",Neutral,0.58797687292099,0.38462647795677185,neutral,holiday season
Tim Cook,Chief Executive Officer,"We also celebrated openings of new stores in China, Spain, and the U.S. and we were excited to announce plans to connect with even more customers this year by adding a fifth store in the UAE and bringing our online store to Saudi Arabia this summer.",Positive,0.8344927430152893,0.824966311454773,joy,"China, Spain, U.., year, UAE, Saudi Arabia, summer"
Tim Cook,Chief Executive Officer,We can't wait to welcome customers to the first of several flagship store locations in Saudi Arabia that were opening beginning in 2026.,Positive,0.7738730907440186,0.7636509537696838,joy,"Saudi Arabia, 2026"
Tim Cook,Chief Executive Officer,"I just had the chance to visit both countries last month, and I had a great time meeting with customers and team members.",Positive,0.7019699811935425,0.6886540651321411,joy,last month
Tim Cook,Chief Executive Officer,There's an incredible energy and passion for technology in these growing markets.,Neutral,0.7449039816856384,0.23388579487800598,neutral,No Strategic Focus Areas
Tim Cook,Chief Executive Officer,"Every day, I get deeply moving notes about the many ways our technology is enriching our users' lives.",Neutral,0.8885359168052673,0.07898290455341339,neutral,Every day
Tim Cook,Chief Executive Officer,I recently got a note from a customer who put his watch on his father's wrist when he feared something was wrong with him.,Negative,0.759914219379425,-0.7332109808921814,fear,No Strategic Focus Areas
Tim Cook,Chief Executive Officer,The watch alerted them that the father was an AFib and they were able to get him to the hospital for potentially life-saving treatment.,Positive,0.7383485436439514,0.6360552906990051,neutral,No Strategic Focus Areas
Tim Cook,Chief Executive Officer,Another user put his new watch on for the first time and within 15 minutes was notified of a low heart rate that led to a necessary pacemaker.,Neutral,0.5462610721588135,-0.012586712837219238,neutral,No Strategic Focus Areas
Tim Cook,Chief Executive Officer,"And there are so many touching notes around the profound impact of our new hearing health feature like a recent user who told me it had changed her life, allowing her to take part in conversations with her children and grandchildren.",Neutral,0.8625287413597107,0.1077980250120163,neutral,No Strategic Focus Areas
Tim Cook,Chief Executive Officer,"These are the kind of stories that remind us of how profoundly important our work is, and it drives us to innovate each and every day.",Neutral,0.8554179072380066,0.1200898066163063,neutral,every day
Tim Cook,Chief Executive Officer,"At Apple, the future is full of promise and potential.",Neutral,0.6948029398918152,0.2806696593761444,neutral,Apple
Tim Cook,Chief Executive Officer,"We're always searching across a world of possibilities, finding those places where we can do the most good and putting all of our energy and ingenuity into making something special.",Neutral,0.8222610950469971,0.15454189479351044,neutral,No Strategic Focus Areas
Kevan Parekh,Chief Financial Officer,I'm going to cover the results for the first quarter of our fiscal year.,Neutral,0.9003353118896484,0.06308469921350479,neutral,first quarter fiscal year
Kevan Parekh,Chief Financial Officer,"We are very pleased to report an all-time high for revenue with December quarter revenue of $124.3 billion, up 4% year-over-year.",Positive,0.9528971314430237,0.9333388805389404,joy,"December quarter, $124.3 billion, 4%"
Kevan Parekh,Chief Financial Officer,"We achieved all-time revenue records in the Americas, Europe, Japan, and rest of Asia Pacific and grew in the vast majority of markets we track.",Positive,0.921364963054657,0.9120181798934937,neutral,Japan
Kevan Parekh,Chief Financial Officer,"Products revenue was $98 billion, up 2% year-over-year, driven by growth from iPad and Mac.",Positive,0.9563800096511841,0.939416766166687,neutral,"$98 billion, 2%, iPad"
Kevan Parekh,Chief Financial Officer,"Thanks to our incredible customer satisfaction and strong loyalty, our installed base of active devices reached an all-time high across all products and geographic segments and is now over 2.35 billion active devices.",Positive,0.8398244380950928,0.8319146037101746,neutral,2.35 billion
Kevan Parekh,Chief Financial Officer,"Services revenue reached an all-time record of $26.3 billion, up 14% year-over-year.",Positive,0.9531133770942688,0.9325023293495178,neutral,"$26.3 billion, 14%"
Kevan Parekh,Chief Financial Officer,We grew in every geographic segment and achieved all-time records in both developed and emerging markets.,Positive,0.8464134931564331,0.8373798131942749,neutral,No Strategic Focus Areas
Kevan Parekh,Chief Financial Officer,"Company gross margin was 46.9% at the high-end of our guidance range and up 70 basis points sequentially, primarily driven by favorable mix.",Positive,0.9537162780761719,0.9345420002937317,neutral,"46.9%, 70"
Kevan Parekh,Chief Financial Officer,"Products gross margin was 39.3%, up 300 basis points sequentially, primarily driven by favorable mix and leverage.",Positive,0.9564217925071716,0.9371798634529114,neutral,"39.3%, 300"
Kevan Parekh,Chief Financial Officer,"Services gross margin was 75%, up 100 basis points sequentially, primarily driven by mix.",Positive,0.9555982351303101,0.9376659393310547,neutral,"75%, 100"
Kevan Parekh,Chief Financial Officer,Operating expenses of $15.4 billion landed at the midpoint of our guidance range and up 7% year-over-year.,Positive,0.9394453167915344,0.8993980288505554,neutral,"$15.4 billion, 7%"
Kevan Parekh,Chief Financial Officer,"This strong business performance resulted in all-time records for both net income at $36.3 billion and diluted earnings per share of $2.40, up 10% year-over-year.",Positive,0.9544021487236023,0.9314099550247192,neutral,"$36.3 billion, 2.40, 10%"
Kevan Parekh,Chief Financial Officer,"Operating cash flow was also strong at $29.9 billion, which included the impact of the $11.9 billion we paid during the quarter in connection with the state aid decision.",Positive,0.9441919326782227,0.9059650301933289,neutral,"$29.9 billion, $11.9 billion, quarter"
Kevan Parekh,Chief Financial Officer,"Now, I'm going to provide some more details for each of our revenue categories.",Neutral,0.9372944235801697,0.0345127247273922,neutral,No Strategic Focus Areas
Kevan Parekh,Chief Financial Officer,"iPhone revenue was $69.1 billion, roughly flat to the prior year.",Negative,0.839942216873169,-0.754108726978302,neutral,"iPhone, $69.1 billion, prior year"
Kevan Parekh,Chief Financial Officer,"We grew in the majority of markets we track and reached all-time revenue records in several developed markets, including Canada, Western Europe, and Japan and in emerging markets like Latin America, the Middle East, and South Asia.",Positive,0.8980184197425842,0.8884468674659729,neutral,"Canada, Japan"
Kevan Parekh,Chief Financial Officer,The iPhone Active installed base grew to an all-time high in total in an average geographic segment.,Positive,0.9483681917190552,0.9348655939102173,neutral,iPhone Active
Kevan Parekh,Chief Financial Officer,We also set an all-time record for upgraders.,Positive,0.8419329524040222,0.8326981067657471,neutral,No Strategic Focus Areas
Kevan Parekh,Chief Financial Officer,"According to a recent survey from Kantar during the December quarter, iPhone was a top-selling model in the U.S., Urban China, India, the U.K., France, Australia, and Japan.",Positive,0.8890972137451172,0.8761312961578369,neutral,"Kantar, December quarter, iPhone, U.., China, India, U.K., France, Australia, Japan"
Kevan Parekh,Chief Financial Officer,We continue to see high levels of customer satisfaction in the U.S. at 96% as measured by 451 research.,Positive,0.927593469619751,0.9150022864341736,neutral,"U.., 96%, 451"
Kevan Parekh,Chief Financial Officer,"Mac generated $9 billion in revenue, up 16% year-over-year.",Positive,0.9541512727737427,0.9362722635269165,joy,"$9 billion, 16%"
Kevan Parekh,Chief Financial Officer,We saw strength across our lineup from the new Mac Mini to the latest MacBook Air and MacBook Pro models.,Positive,0.9458684325218201,0.9326897859573364,neutral,"Mac Mini, MacBook Air, MacBook Pro"
Kevan Parekh,Chief Financial Officer,This incredible performance was broad-based with double-digit growth in every geographic segment.,Positive,0.8938973546028137,0.8839472532272339,surprise,No Strategic Focus Areas
Kevan Parekh,Chief Financial Officer,"With our latest advances in Apple Silicon and our fastest neural engine ever, customers are able to take advantage of the full capabilities of AI and Mac.",Positive,0.6162568926811218,0.6065593957901001,neutral,Apple Silicon
Kevan Parekh,Chief Financial Officer,The Mac installed base reached an all-time high and we saw a double-digit growth for both upgraders and customers new to the Mac.,Positive,0.9535204768180847,0.9362853169441223,neutral,No Strategic Focus Areas
Kevan Parekh,Chief Financial Officer,"Additionally, customer satisfaction in the U.S. was recently measured at 94%.",Positive,0.565360426902771,0.5301388502120972,neutral,"U.., 94%"
Kevan Parekh,Chief Financial Officer,"iPad revenue was $8.1 billion, up 15% year-over-year, driven by the new iPad Mini and latest iPad Air.",Positive,0.9532486200332642,0.9370687007904053,surprise,"iPad, $8.1 billion, 15%, iPad Mini, iPad Air"
Kevan Parekh,Chief Financial Officer,"The iPad installed base reached another all-time high, and over half of the customers who purchased an iPad during the quarter were new to the product.",Positive,0.7688435912132263,0.7391861081123352,neutral,"iPad, half, iPad, quarter"
Kevan Parekh,Chief Financial Officer,Customer satisfaction was at 96% in the U.S. based on the latest reports from 451 Research.,Neutral,0.5123074054718018,0.359681099653244,neutral,"96%, U.., 451"
Kevan Parekh,Chief Financial Officer,"Wearable's home and accessories revenue was $11.7 billion, down 2% year-over-year.",Negative,0.9758268594741821,-0.9685949087142944,sadness,"$11.7 billion, 2%"
Kevan Parekh,Chief Financial Officer,Customers are excited about the new AirPods 4 and the latest hearing health features in AirPods Pro 2.,Positive,0.7529921531677246,0.742853581905365,neutral,No Strategic Focus Areas
Kevan Parekh,Chief Financial Officer,"On watch, although we face a difficult compare against the watch Ultra 2 launch last year, the Apple Watch installed base reached a new all-time high, with over half of customers purchasing an Apple Watch during the quarter being new to the product.",Positive,0.9227012395858765,0.9085373878479004,neutral,"Ultra 2, last year, Apple Watch, half, Apple Watch, quarter"
Kevan Parekh,Chief Financial Officer,Customer satisfaction for watch in the U.S. was reported at 94%.,Neutral,0.5438964366912842,0.37374138832092285,neutral,"U.., 94%"
Kevan Parekh,Chief Financial Officer,"Our services revenue reached an all-time high of $26.3 billion, up 14% year-over-year.",Positive,0.9546421766281128,0.935748279094696,neutral,"$26.3 billion, 14%"
Kevan Parekh,Chief Financial Officer,"Services continues to see strong momentum, and the growth of our installed base of active devices gives us great opportunities for the future.",Positive,0.9426404237747192,0.9304065704345703,neutral,No Strategic Focus Areas
Kevan Parekh,Chief Financial Officer,We also see increased customer engagement with our services offerings.,Positive,0.9311659932136536,0.9220755696296692,neutral,No Strategic Focus Areas
Kevan Parekh,Chief Financial Officer,"Both transacting and paid accounts reached new all-time highs, with paid accounts growing double-digits year-over-year.",Positive,0.9337472915649414,0.9139319062232971,neutral,year--year
Kevan Parekh,Chief Financial Officer,Paid subscriptions also grew double-digits.,Positive,0.9204717874526978,0.894216775894165,neutral,No Strategic Focus Areas
Kevan Parekh,Chief Financial Officer,We have well over 1 billion paid subscriptions across the services on our platform.,Neutral,0.8323131799697876,0.1524616777896881,neutral,1 billion
Kevan Parekh,Chief Financial Officer,"We remain focused on improving the breadth and quality of our services offerings, from new games on Apple Arcade to exciting new programming on Fitness Plus, and the continued expansion of features like Tap to Pay, now live in 20 markets.",Positive,0.8836685419082642,0.8766788840293884,neutral,"Apple Arcade, 20"
Kevan Parekh,Chief Financial Officer,"Turning to enterprise, we have seen businesses continue to expand their deployments of our products and services.",Positive,0.9018219709396362,0.8938753008842468,neutral,No Strategic Focus Areas
Kevan Parekh,Chief Financial Officer,Deutsche Bank launched its Mac as Choice program for the developers and also issued the latest MacBook Air as a standard computer for their entire mortgage lending division.,Neutral,0.7629507780075073,0.2208607792854309,neutral,"Deutsche Bank, Mac Choice, MacBook Air"
Kevan Parekh,Chief Financial Officer,"And we're excited to see leading enterprises such as SAP leverage Apple Intelligence in the U.S., with features like writing tools, summarize, and priority notifications to enhance both their employee and customer experiences.",Positive,0.8061220645904541,0.7986790537834167,joy,"SAP, Apple Intelligence, U.."
Kevan Parekh,Chief Financial Officer,We also see strong demand in our emerging markets.,Positive,0.949137270450592,0.9374622106552124,neutral,No Strategic Focus Areas
Kevan Parekh,Chief Financial Officer,"For example, Zomato, a leading food ordering and delivery company in India, has deployed 1,000 of Macs across their workforce to foster innovation.",Positive,0.7764121294021606,0.7687985897064209,neutral,"Zomato, India, 1,000, Macs"
Kevan Parekh,Chief Financial Officer,"In Vision Pro continues to see more use cases in enterprise, with Cisco's new spatial meetings delivering a fully immersive video conferencing experience for remote collaboration and learning.",Positive,0.6528756618499756,0.6439445614814758,neutral,Cisco
Kevan Parekh,Chief Financial Officer,Let me quickly summarize our cash position and capital return program.,Neutral,0.9442313313484192,0.018758032470941544,neutral,No Strategic Focus Areas
Kevan Parekh,Chief Financial Officer,We ended the quarter with $141 billion in cash and marketable securities.,Neutral,0.8767119646072388,0.05879411846399307,neutral,"quarter, $141 billion"
Kevan Parekh,Chief Financial Officer,"We repaid $1 billion in maturing debt and decreased commercial paper by $8 billion, resulting in $97 billion in total debt.",Negative,0.8383234143257141,-0.7252104878425598,neutral,"$1 billion, $8 billion, $97 billion"
Kevan Parekh,Chief Financial Officer,"Therefore, net cash at the end of the quarter was $45 billion.",Neutral,0.8768066167831421,-0.06544326990842819,neutral,"end quarter, $45 billion"
Kevan Parekh,Chief Financial Officer,"During the quarter, we returned over $30 billion to shareholders.",Neutral,0.712500810623169,0.2584693729877472,joy,"quarter, $30 billion"
Kevan Parekh,Chief Financial Officer,This included $3.9 billion in dividends and equivalents and $23.3 billion through open market repurchases of 100 million Apple shares.,Neutral,0.9198224544525146,0.04970348998904228,neutral,"$3.9 billion, $23.3 billion, 100 million, Apple"
Kevan Parekh,Chief Financial Officer,"As usual, we will provide an update to our capital return program when we report results for the March quarter.",Neutral,0.9414692521095276,0.01716895028948784,neutral,March quarter
Kevan Parekh,Chief Financial Officer,"As we move ahead into the March quarter, I'd like to review our outlook which includes the types of forward-looking information that Suhasini referred to at the beginning of the call.",Neutral,0.9265961050987244,0.037531185895204544,neutral,March quarter
Kevan Parekh,Chief Financial Officer,The color we're providing today assumes that the macroeconomic outlook doesn't worsen from what we're projecting today for the current quarter.,Positive,0.8299018144607544,0.7634124755859375,neutral,"today, today, current quarter"
Kevan Parekh,Chief Financial Officer,"As the dollar is strengthened significantly, we expect foreign exchange to be a headwind and to have a negative impact on revenue of about 2.5 percentage points on a year-over-year basis.",Negative,0.9714095592498779,-0.9630078673362732,neutral,2.5
Kevan Parekh,Chief Financial Officer,"Despite that headwind, we expect our March quarter total company revenue to grow low to mid-single-digits year-over-year.",Negative,0.5785331130027771,-0.1936735212802887,neutral,"March quarter, year--year"
Kevan Parekh,Chief Financial Officer,We expect services revenue to grow low-double-digits year-over-year.,Positive,0.951898455619812,0.9349810481071472,neutral,year--year
Kevan Parekh,Chief Financial Officer,"When you remove the negative impact of the foreign exchange headwinds I described earlier, the year-over-year growth rate would be comparable to that of the December quarter.",Positive,0.4953269064426422,0.46882596611976624,neutral,"earlier, year--year, December quarter"
Kevan Parekh,Chief Financial Officer,We expect gross margin to be between 46.5% and 47.5%.,Neutral,0.8800462484359741,0.09364017099142075,neutral,"46.5%, 47.5%"
Kevan Parekh,Chief Financial Officer,We expect operating expenses to be between $15.1 billion and $15.3 billion.,Neutral,0.687709391117096,-0.21590572595596313,neutral,"$15.1 billion, $15.3 billion"
Kevan Parekh,Chief Financial Officer,"We expect OI&E to be around negative $300 million, excluding any potential impact from the mark-to-market of minority investments, and our tax rate to be around 16%.",Neutral,0.8503267168998718,0.08637293428182602,neutral,"OI&E, $300 million, around 16%"
Kevan Parekh,Chief Financial Officer,"Finally, today our Board of Directors has declared a cash dividend of $0.25 per share of common stock payable on February 13, 2025, to shareholders of record as of February 10, 2025.",Neutral,0.9138379096984863,0.05451243370771408,joy,"today, Board Directors, 0.25, February 13, 2025, February 10, 2025"
Kevan Parekh,Chief Financial Officer,"With that, let's open to call the questions.",Neutral,0.9312389492988586,0.02230222150683403,neutral,No Strategic Focus Areas
Suhasini Chandramouli,"Director, Investor Relations",We ask that you limit yourself to two questions.,Neutral,0.930271327495575,-0.007843159139156342,neutral,two
Operator,Operator,"Certainly, we will go ahead and take our first question from Erik Woodring with Morgan Stanley.",Neutral,0.911688506603241,0.058513134717941284,neutral,Morgan Stanley
Erik Woodring,Analyst,"Great guys, Thanks so much for taking my questions.",Positive,0.6457851529121399,0.6244442462921143,joy,No Strategic Focus Areas
Erik Woodring,Analyst,"Tim, in your prepared remarks, you had noted that iPhone 16 models are selling better in markets where Apple Intelligence is available?",Positive,0.8222987055778503,0.8105026483535767,neutral,"16, Apple Intelligence"
Erik Woodring,Analyst,And I'm just wondering if you could double-click on that comment a bit and share any other details you believe could better help us understand how Apple Intelligence is really impacting iPhone demand and/or what features you find that users are using most often already?,Neutral,0.9207577705383301,0.00047667697072029114,surprise,"Apple Intelligence, iPhone"
Tim Cook,Chief Executive Officer,"The -- we did see that the markets where we had rolled out Apple Intelligence, that the year-over-year performance on the iPhone 16 family was stronger than those where Apple Intelligence was not available.",Positive,0.9539431929588318,0.929792582988739,neutral,"Apple Intelligence, year--year, Apple Intelligence"
Tim Cook,Chief Executive Officer,"In terms of the features that people are using, they're using all of the ones that I'd referenced in my opening comments from writing tools to image playground and Genmoji to visual intelligence and more.",Neutral,0.9324707984924316,0.014294449239969254,neutral,No Strategic Focus Areas
Tim Cook,Chief Executive Officer,The cleanup is another one that is popular and people love seeing that one demoed in the stores as well.,Neutral,0.915785014629364,0.037947483360767365,joy,one
Tim Cook,Chief Executive Officer,"We only had 2, 2.5 weeks or so during the December quarter of the second release of [18.2] (ph) and then only had the U.K. and the other English language countries for the 2.5 weeks.",Neutral,0.9242069721221924,-0.02994723618030548,neutral,"2, 2.5 weeks, December quarter, 18.2, U.K., 2.5 weeks"
Tim Cook,Chief Executive Officer,"And so we've got just the early indications at the moment, but we were gladâ€¦",Positive,0.6424664258956909,0.6234280467033386,joy,No Strategic Focus Areas
Erik Woodring,Analyst,"And then, you know, if we just touch on China, obviously, in the news fairly frequently, if we set aside China Macro, which I understand is still challenging, can you maybe talk about the headwinds that that Apple faces, whether that's, you know, shifting preferences for Western technology brands in favor of domestic vendors, or is this just a function of not necessarily having Apple intelligence available with the iPhone 16, which is, you know, not necessarily helping replacement cycles.",Neutral,0.6931412816047668,-0.17753173410892487,neutral,"China, China Macro, Apple, Apple"
Erik Woodring,Analyst,"Just maybe double clicking on, on what you think and what you're hearing in China as a regard as it relates to the iPhone.",Neutral,0.9406655430793762,0.005057856440544128,neutral,"China, iPhone"
Tim Cook,Chief Executive Officer,"If you look at our greater China revenue for the quarter, we were down 11% year-over-year.",Negative,0.9749114513397217,-0.9670490026473999,neutral,"China, quarter, 11%"
Tim Cook,Chief Executive Officer,And over half of the decline that we experienced was driven by change in channel inventory from the beginning to the end of the quarter.,Negative,0.9582675695419312,-0.9427477717399597,neutral,"half, end quarter"
Tim Cook,Chief Executive Officer,And of course on the Apple intelligence side we have not rolled out in China and as we just talked about we did see better results in the markets that we had rolled out in than markets we hadn't rolled out in.,Positive,0.9458255171775818,0.926679790019989,neutral,"Apple, China"
Tim Cook,Chief Executive Officer,"And of course, it's the most competitive market in the world.",Neutral,0.6157775521278381,0.3637281060218811,neutral,No Strategic Focus Areas
Tim Cook,Chief Executive Officer,"In terms of the macro situation, there was a fiscal stimulus or subsidy announced in very recently in January that did not affect the December quarter.",Neutral,0.8191978335380554,-0.05038571357727051,neutral,"January, December quarter"
Tim Cook,Chief Executive Officer,"There were some provincial subsidies in the December quarter, but the national program was announced, I believe, on January 20.",Neutral,0.8800296187400818,0.012631576508283615,neutral,"December quarter, January 20"
Tim Cook,Chief Executive Officer,"And it does cover the categories that we have products in from smartphones to tablets and PCs and smart watches up to a certain, a maximum price point.",Neutral,0.9058793187141418,0.07342218607664108,neutral,No Strategic Focus Areas
Tim Cook,Chief Executive Officer,And so we do see fiscal stimulus occurring and we'll be glad to talk about what that looks like on the next call.,Neutral,0.756813108921051,0.20513643324375153,joy,No Strategic Focus Areas
Operator,Operator,Our next question is from Ben Reitzes with Melius.,Neutral,0.9215275049209595,-0.012057337909936905,neutral,Melius
Ben Reitzes,Analyst,"And, hey, Tim, I wanted to ask you who -- you knew this one was coming, but there's a perception that you're a big beneficiary of lower cost of compute and I was wondering if you could give your worldly perspective here on the DeepSeek situation and if you are going to, if you, if anything's happened to change your views in terms of a tailwind to margins and your ability to execute even due to the potential for cost to come down due to that development and probably what was going to happen anyway.",Neutral,0.5299193263053894,-0.010320380330085754,surprise,DeepSeek
Ben Reitzes,Analyst,But I'd love your perspective on that and then have a quick follow-up.,Neutral,0.8826611638069153,0.09523029625415802,neutral,No Strategic Focus Areas
Tim Cook,Chief Executive Officer,"In general, I think innovation that drives efficiency is a good thing.",Neutral,0.5537201166152954,0.4203181564807892,neutral,No Strategic Focus Areas
Tim Cook,Chief Executive Officer,"Our tight integration of silicon and software, I think, will continue to serve us very well.",Positive,0.9200658202171326,0.910755455493927,neutral,No Strategic Focus Areas
Tim Cook,Chief Executive Officer,"As you know, we do things on the device, and we do things in the private cloud and which mimics from a architectural point of view the -- what happens on the device.",Neutral,0.9307835102081299,-0.021991821005940437,neutral,No Strategic Focus Areas
Tim Cook,Chief Executive Officer,"And from a CapEx point of view, we've always taken a very prudent and deliberate approach to our expenditure and we continue to leverage a hybrid model, which I think continues to serve us well.",Positive,0.771807074546814,0.7628057599067688,neutral,CapEx
Ben Reitzes,Analyst,"And then, you know, just with regard to, you know, the iPhone trajectory, do you feel like, I guess, what is -- you obviously don't talk about new products and stuff like that, but do you feel that there's a lot of room for form factor innovation in the future?",Neutral,0.9202585816383362,0.03499045595526695,neutral,iPhone
Ben Reitzes,Analyst,Or do you feel that the current lineup kind of it shows where you're going?,Neutral,0.8997973203659058,-0.0038203224539756775,neutral,No Strategic Focus Areas
Ben Reitzes,Analyst,"I guess without pulling punches wondering if you, you thought you know in terms of the phone innovation if there's a lot more to come and you could see the kind of current market changing a bit over the next two to three years.",Neutral,0.8933650851249695,0.056589141488075256,surprise,next two three years
Tim Cook,Chief Executive Officer,"I think, Ben, I think there's a lot more to come and I could not feel more optimistic about our product pipeline.",Neutral,0.5101453065872192,0.4305139183998108,joy,No Strategic Focus Areas
Tim Cook,Chief Executive Officer,So I think there's a lot of innovation left on the smartphone.,Neutral,0.6266630291938782,0.33911848068237305,neutral,No Strategic Focus Areas
Operator,Operator,Our next question is from Michael Ng with Goldman Sachs.,Neutral,0.9291370511054993,-0.00497668981552124,neutral,Goldman Sachs
Michael Ng,Analyst,"First, it was encouraging to hear about the record for iPhone upgraders, which I think is something you haven't said for about a year now.",Neutral,0.6422429084777832,0.30794557929039,joy,"iPhone, year"
Michael Ng,Analyst,I was wondering if you could talk a little bit about what you would attribute this upgrade strength to?,Neutral,0.8492974638938904,0.12973514199256897,surprise,No Strategic Focus Areas
Michael Ng,Analyst,Has Apple Intelligence played a role in helping upgrades in the markets that you've launched in?,Neutral,0.8257112503051758,0.1507229506969452,neutral,Apple Intelligence
Tim Cook,Chief Executive Officer,"If you look at iPhone, we did set an all-time record for upgraders, so we've never seen a higher level of upgraders before.",Positive,0.581550121307373,0.5663497447967529,neutral,iPhone
Tim Cook,Chief Executive Officer,The installed base hit a new all-time high as well.,Positive,0.92326819896698,0.9037412405014038,neutral,No Strategic Focus Areas
Tim Cook,Chief Executive Officer,"And if you look at the 16, compared to the 15 from launch, which occurred, as you know, in September, so this is across now two quarters from September to the end of the December fiscal quarter, the 16 outperformed the 15.",Positive,0.4857643246650696,0.1814574897289276,neutral,"16, 15, September, two quarters, September, end December fiscal quarter, 16, 15"
Tim Cook,Chief Executive Officer,"And so I think you can conclude from that, that there are compelling reasons to upgrade.",Positive,0.6383985280990601,0.6261228322982788,neutral,No Strategic Focus Areas
Tim Cook,Chief Executive Officer,"And in the markets where we had launched Apple Intelligence, they outperformed the markets that we did not.",Positive,0.8368520140647888,0.8002215623855591,neutral,Apple Intelligence
Tim Cook,Chief Executive Officer,"Yes, lots of good color there.",Positive,0.7281518578529358,0.7107681035995483,neutral,No Strategic Focus Areas
Michael Ng,Analyst,And then I had one about the iPad Pro and for the thinner version.,Neutral,0.909087061882019,0.016931571066379547,neutral,"one, iPad Pro"
Michael Ng,Analyst,I was just wondering if you could talk about that thin form factor for the iPad Pro.,Neutral,0.926592230796814,0.03861548751592636,surprise,iPad Pro
Michael Ng,Analyst,How did it help iPad sales overall and what did your kind of marketing consumer research tell you about how consumers valued that thin product form factor?,Neutral,0.8880930542945862,0.0684555247426033,neutral,iPad
Tim Cook,Chief Executive Officer,iPad overall grew 15% for the quarter and it was more driven by iPad Air and the entry level iPad than it was the top level iPad.,Positive,0.7858752608299255,0.7712493538856506,neutral,"iPad, 15%, quarter, iPad Air, iPad, iPad"
Tim Cook,Chief Executive Officer,But overall we could not be more pleased with the iPad category growing 15%.,Positive,0.9211758971214294,0.9044040441513062,joy,"iPad, 15%"
Tim Cook,Chief Executive Officer,And probably what is most important is that over half of the sales in the December quarter went to customers who were new to the iPad.,Neutral,0.8629581332206726,0.08928008377552032,neutral,"half, December quarter, iPad"
Tim Cook,Chief Executive Officer,So that tells us that there's a good amount of customers there to attract.,Positive,0.8566675186157227,0.8464853167533875,neutral,No Strategic Focus Areas
Operator,Operator,Our next question is from Amit Daryanani from Evercore.,Neutral,0.9295753836631775,0.003264043480157852,neutral,"Amit Daryanani, Evercore"
Amit Daryanani,Analyst,"Maybe to start with, you folks are seeing some very robust growth trends in emerging markets right now for Apple products?",Positive,0.9352983832359314,0.922303318977356,neutral,Apple
Amit Daryanani,Analyst,"Can you just add a high level, just talk about the durability of growth that you see in emerging markets?",Neutral,0.9120058417320251,0.05870109051465988,neutral,No Strategic Focus Areas
Amit Daryanani,Analyst,And then do you think the summation of these emerging markets are starting to get big enough or perhaps starting to grow fast enough that it can actually offset some of the China headwinds you're going through?,Positive,0.49078166484832764,0.47058436274528503,neutral,China
Tim Cook,Chief Executive Officer,We have great results in a number of emerging markets.,Positive,0.8969138860702515,0.8876551389694214,neutral,No Strategic Focus Areas
Tim Cook,Chief Executive Officer,"And as you know from past calls, I'm particularly keen on India.",Neutral,0.8802520036697388,0.09530574083328247,neutral,India
Tim Cook,Chief Executive Officer,India set a December quarter record during the quarter.,Positive,0.8164095878601074,0.7709416151046753,neutral,"India, December quarter, quarter"
Tim Cook,Chief Executive Officer,We've announced that we're going to open four new stores there.,Positive,0.5958043932914734,0.5809263586997986,joy,four
Tim Cook,Chief Executive Officer,"We also, the iPhone was the top selling model in India for the quarter.",Positive,0.8233821988105774,0.8059067130088806,neutral,"iPhone, India, quarter"
Tim Cook,Chief Executive Officer,And it's the second largest smartphone market in the world and the third largest for PCs and tablets and so there's a huge market and we are -- we have very modest share in these markets.,Neutral,0.84563809633255,0.12368650734424591,neutral,No Strategic Focus Areas
Tim Cook,Chief Executive Officer,And that's just one of the emerging markets.,Neutral,0.9176651239395142,0.02270749770104885,neutral,No Strategic Focus Areas
Kevan Parekh,Chief Financial Officer,"Yes, maybe I'll add, Amit, that in emerging markets we're also seeing double-digit growth on the install base, both in total and for the iPhone as well.",Positive,0.9518358111381531,0.9385583400726318,neutral,iPhone
Amit Daryanani,Analyst,"And then, you know, just a question on gross margins for the March quarter.",Neutral,0.8872289061546326,-0.03240887448191643,neutral,March quarter
Amit Daryanani,Analyst,You folks are guiding gross margin is flattish on a sequential basis.,Neutral,0.8488528728485107,-0.016369357705116272,neutral,No Strategic Focus Areas
Amit Daryanani,Analyst,"Typically, I think it tends to be guided up a little bit, 50 basis points, so sequentially.",Neutral,0.8893058896064758,0.03391704335808754,neutral,50
Amit Daryanani,Analyst,"Can we just touch on like, what are the offsets of the puts and takes you see here on gross margins?",Neutral,0.9237323999404907,0.016176588833332062,neutral,No Strategic Focus Areas
Amit Daryanani,Analyst,"And Kevan, maybe you can just talked about its FX having an outsized impact in your margin profile as well in March?",Neutral,0.7031481266021729,-0.13319629430770874,neutral,"FX, March"
Kevan Parekh,Chief Financial Officer,"Yes, Amit, let me take that One.",Neutral,0.9078150987625122,0.06355797499418259,neutral,One
Kevan Parekh,Chief Financial Officer,"You know, as we mentioned in my remarks, we're guiding to 46.5% to 47.5%.",Positive,0.5599978566169739,0.526572048664093,neutral,"46.5%, 47.5%"
Kevan Parekh,Chief Financial Officer,"So we think it's, you know, we're very pleased with that level of guidance.",Positive,0.8982506990432739,0.8872520923614502,joy,No Strategic Focus Areas
Kevan Parekh,Chief Financial Officer,"As you mentioned, there's always puts and takes.",Neutral,0.9127857685089111,-0.01798934116959572,neutral,No Strategic Focus Areas
Kevan Parekh,Chief Financial Officer,"We do think there's going to be some FX headwinds, which we talked about, that's going to affect, you know, our revenue growth as well.",Negative,0.836025595664978,-0.7774211764335632,neutral,FX
Kevan Parekh,Chief Financial Officer,"You know, it'll have an impact here on the margin, a sequential impact on margins.",Neutral,0.868319034576416,-0.01974683254957199,neutral,No Strategic Focus Areas
Kevan Parekh,Chief Financial Officer,But we think that's going to be offset by favorable costs and the relative mix of services.,Positive,0.9242023825645447,0.9052910804748535,neutral,No Strategic Focus Areas
Kevan Parekh,Chief Financial Officer,"We also, as you know, when we move from Q1 to Q2, especially on the product side, because Q1 is such a large quarter for a products business, we do have a loss of leverage.",Negative,0.9384335875511169,-0.9100281596183777,neutral,Q2
Kevan Parekh,Chief Financial Officer,"So there are some puts and takes, and I think we feel good about the range.",Positive,0.7345686554908752,0.7153224945068359,joy,No Strategic Focus Areas
Kevan Parekh,Chief Financial Officer,"We think it's a very, very strong guide for gross margin.",Positive,0.918605387210846,0.908267617225647,neutral,No Strategic Focus Areas
Suhasini Chandramouli,"Director, Investor Relations","Operator, could we get the next question, please?",Neutral,0.9358330368995667,0.0023513063788414,neutral,No Strategic Focus Areas
Operator,Operator,Our next question is from Wamsi Mohan with Bank of America.,Neutral,0.9372068047523499,0.01629437319934368,neutral,Bank America
Wamsi Mohan,Analyst,"Tim, I want to follow-up on your comment about channel inventory in China.",Neutral,0.9174199104309082,0.024264520034193993,neutral,China
Wamsi Mohan,Analyst,I was wondering if you could maybe address more broadly if channel inventory across your different product lines and regions?,Neutral,0.8906011581420898,0.08972052484750748,surprise,No Strategic Focus Areas
Wamsi Mohan,Analyst,Do you feel they're elevated or out of range in any other regions?,Neutral,0.7235211133956909,-0.12416904419660568,neutral,No Strategic Focus Areas
Wamsi Mohan,Analyst,"And given the clearing event that kind of happened in China, I guess in the quarter, should we think of a more normal progression quarter-on-quarter into the March quarter in China in particular, and I will follow.",Neutral,0.9133484959602356,0.02436392940580845,neutral,"China, quarter, quarter--quarter, March quarter, China"
Tim Cook,Chief Executive Officer,"Yes, I don't want to project sales for the current quarter by region, but if you if you look at the channel inventory and look at iPhone in the aggregate, so on a worldwide basis we're very comfortable with our channel inventory position in the -- in China my point was that our channel inventory reduced from the beginning of the quarter to the end of the quarter, and that was over half of the reduction in the reported results.",Negative,0.8405290842056274,-0.7414103746414185,neutral,"current quarter, iPhone, China, beginning quarter end quarter, half"
Tim Cook,Chief Executive Officer,"And so if you look, part of the reason for that is that our sales were a bit higher than we forecasted them to be toward the end of the quarter.",Positive,0.7345525026321411,0.5342803597450256,neutral,end quarter
Tim Cook,Chief Executive Officer,And so we ended a little leaner than we had expected to.,Negative,0.5709123611450195,-0.2971968650817871,neutral,No Strategic Focus Areas
Wamsi Mohan,Analyst,"And then maybe as my follow-up, your services growth has been very strong and I know you've kind of been navigating some pretty challenging regulatory burdens on the business globally.",Positive,0.9143364429473877,0.8811525702476501,neutral,No Strategic Focus Areas
Wamsi Mohan,Analyst,So how should investors think about maybe either a top line or margin headwind that let's say you're currently absorbing in your results that could potentially maybe reverse in a more balanced regulatory environment?,Neutral,0.6918946504592896,-0.13261058926582336,neutral,No Strategic Focus Areas
Kevan Parekh,Chief Financial Officer,"So I think one, I just wanted to kind of reiterate the fact that, you know, our services business had an all-time record for December quarter of 14%.",Positive,0.4336461126804352,0.2622833251953125,neutral,"December quarter, 14%"
Kevan Parekh,Chief Financial Officer,And that was a one strength that we saw across all geographic segments and also was very broad base across all of our services.,Neutral,0.51025390625,0.46866533160209656,neutral,No Strategic Focus Areas
Kevan Parekh,Chief Financial Officer,"So we have, as you know, a very broad services portfolio.",Neutral,0.8333038091659546,0.14931508898735046,neutral,No Strategic Focus Areas
Kevan Parekh,Chief Financial Officer,"And so we do see, you know, good momentum across the board.",Positive,0.9460551142692566,0.9318218231201172,neutral,No Strategic Focus Areas
Kevan Parekh,Chief Financial Officer,"And as well, we continue to see increasing engagement across the customer base, across all of the service offerings, both transacting and paid accounts.",Positive,0.924178957939148,0.9152547121047974,neutral,No Strategic Focus Areas
Kevan Parekh,Chief Financial Officer,"We talked about reaching all-time highs, and we have over now 1 billion paid subscriptions across the services platform.",Positive,0.7664660215377808,0.7575927376747131,neutral,1 billion
Suhasini Chandramouli,"Director, Investor Relations","Operator, could we get the next question, please?",Neutral,0.9358330368995667,0.0023513026535511017,neutral,No Strategic Focus Areas
Operator,Operator,Our next question is from Samik Chatterjee with JPMorgan.,Neutral,0.9274575710296631,-0.0038191601634025574,neutral,JPMorgan
Samik Chatterjee,Analyst,"I guess for the first one, if I -- I mean, you had a great quarter on Macs and iPads both.",Positive,0.5285902619361877,0.5110878348350525,neutral,"Macs, iPads"
Samik Chatterjee,Analyst,"And I'm just curious, in terms of if you can help us think about the sustainability of this double-digit growth that you saw in both the product lines, and more interest are also here, we are talking about Apple Intelligence sort of influencing volumes on iPhones, but any thoughts on sort of how -- what does that influence look like in terms of volumes for Macs, for example, where I think there's a lot of conversation on AI PCs, how you're thinking about the impact there?",Neutral,0.9241989254951477,0.03773126006126404,neutral,"Apple Intelligence, iPhones, Macs, AI"
Tim Cook,Chief Executive Officer,"If you look at Mac, Mac was up 16% and on iPad, we were up 15%.",Positive,0.7840283513069153,0.7641286253929138,neutral,"16%, iPad, 15%"
Tim Cook,Chief Executive Officer,The Mac was driven by the very strong uptake on our new products during the quarter and the continued success of the MacBook Air.,Positive,0.9482123255729675,0.9329891800880432,joy,"quarter, MacBook Air"
Tim Cook,Chief Executive Officer,"And so as you know, we've launched an M4-based MacBook Pro, an iMac and a Mac Mini during the quarter.",Neutral,0.7003709673881531,0.2731283903121948,neutral,"M4, MacBook Pro, iMac, quarter"
Tim Cook,Chief Executive Officer,We believe we've got the best AI PC out there for running workloads.,Positive,0.730505645275116,0.7175651788711548,neutral,No Strategic Focus Areas
Tim Cook,Chief Executive Officer,"The silicon in the Mac is, and it has been for several years now, designed by us and really designed for these workloads.",Neutral,0.8738861680030823,0.10424093157052994,neutral,several years
Tim Cook,Chief Executive Officer,"And so I don't want to project at the category level for the future, but we're incredibly pleased with both the Mac and the iPad for the quarter.",Positive,0.8231856226921082,0.8122681975364685,joy,"iPad, quarter"
Samik Chatterjee,Analyst,"And Tim, I'm going to use your earlier discussion about India as a strong emerging market to sort of ask you about the supply chain planning there in terms of how much of the supply chain planning there that you're doing is more of a reflection of the growth expectations from that market relative to in terms of diversification of the supply chain?",Neutral,0.9245752096176147,0.0295700840651989,neutral,India
Samik Chatterjee,Analyst,And how should we sort of think about that strategy in terms of that particular country?,Neutral,0.9372330904006958,0.013339400291442871,neutral,No Strategic Focus Areas
Tim Cook,Chief Executive Officer,"If you look at the manufacturing we do there, we do manufacturing both for the domestic market, and we export.",Neutral,0.9368500709533691,0.01901075802743435,neutral,No Strategic Focus Areas
Tim Cook,Chief Executive Officer,And so in -- our business needs a certain economies of scale for it to make sense to manufacture in country.,Neutral,0.7632895708084106,0.22122035920619965,neutral,No Strategic Focus Areas
Tim Cook,Chief Executive Officer,And so that really means that we're going to be both a use for the domestic market and an export market.,Neutral,0.665148913860321,0.3077966868877411,neutral,No Strategic Focus Areas
Suhasini Chandramouli,"Director, Investor Relations","Operator, could we get the next question, please?",Neutral,0.9358330368995667,0.0023513063788414,neutral,No Strategic Focus Areas
Operator,Operator,Our next question is from David Vogt with UBS.,Neutral,0.9309084415435791,0.0017482712864875793,neutral,UBS
David Vogt,Analyst,I'm trying to think about your commentary around Apple Intelligence being sort of a momentum driver for the iPhone business.,Neutral,0.8789562582969666,0.08600833266973495,neutral,"Apple Intelligence, iPhone"
David Vogt,Analyst,"But when I think about your kind of framework for the March quarter, if I kind of adjust for channel inventory over the last couple of years, kind of, feels like your iPhone revenue for the March quarter is going to be relatively similar to the quarter two years ago and even the quarter last year?",Neutral,0.813217282295227,0.10267168283462524,neutral,"March quarter, last couple years, iPhone, March quarter, quarter two years ago, quarter last year"
David Vogt,Analyst,So how do we square kind of the momentum versus kind of the iPhone business effectively really kind of unchanged over the last couple of years?,Neutral,0.8782536387443542,0.05576024204492569,neutral,"iPhone, last couple years"
David Vogt,Analyst,"And then second, when I think about kind of the gross margin profile of the business, obviously, you've done a great job in taking gross margins up.",Positive,0.9159265756607056,0.9029015898704529,neutral,No Strategic Focus Areas
David Vogt,Analyst,"Where do you think we sit in terms of, on the services side at least, where margins could go?",Neutral,0.9087405800819397,0.046699196100234985,neutral,No Strategic Focus Areas
David Vogt,Analyst,It looks like the 75% margin has been incredibly successful quarter.,Positive,0.9436426758766174,0.9202362895011902,joy,"75%, quarter"
David Vogt,Analyst,But just trying to get a sense for where do you think this number could go over the intermediate term?,Neutral,0.9110077619552612,0.031919680535793304,neutral,No Strategic Focus Areas
Tim Cook,Chief Executive Officer,"If you look at Apple Intelligence, what my point earlier was, that markets where we had rolled out Apple Intelligence during the Q1 period performed better on a year-over-year basis than markets where we had not.",Positive,0.7911938428878784,0.749916136264801,neutral,"Apple Intelligence, Apple Intelligence"
Tim Cook,Chief Executive Officer,And so that gives us -- it's a positive indicator that we were pleased with.,Positive,0.8875564336776733,0.8739280700683594,joy,No Strategic Focus Areas
Tim Cook,Chief Executive Officer,There are many compelling reasons to upgrade.,Neutral,0.776695966720581,0.19814854860305786,neutral,No Strategic Focus Areas
Tim Cook,Chief Executive Officer,"And the other thing I would say, that I think I mentioned earlier, is that if you look at it from a launch to the end of the December quarter, and so that goes back to September, the 16 family is outperforming the 15 family.",Negative,0.4173104763031006,-0.1545095443725586,neutral,"end December quarter, September, 16, 15"
Tim Cook,Chief Executive Officer,And so I think those are two good data points.,Positive,0.6270678043365479,0.6015588641166687,neutral,two
Tim Cook,Chief Executive Officer,Our next round of language rollouts will be in April.,Neutral,0.9180469512939453,0.011876318603754044,neutral,April
Tim Cook,Chief Executive Officer,And I'll let Kevan take the gross margin question.,Neutral,0.9308525919914246,0.011273369193077087,neutral,No Strategic Focus Areas
Kevan Parekh,Chief Financial Officer,"So on the Services gross margin, I think maybe just stepping back a second.",Neutral,0.8130330443382263,0.1188044548034668,neutral,No Strategic Focus Areas
Kevan Parekh,Chief Financial Officer,Services business in general in aggregate is accretive to the overall company margin.,Neutral,0.7483726739883423,0.227852001786232,neutral,No Strategic Focus Areas
Kevan Parekh,Chief Financial Officer,"And one of the things, as an important reminder, is we've got a very broad services portfolio.",Neutral,0.6695883274078369,0.30727648735046387,neutral,one
Kevan Parekh,Chief Financial Officer,And those businesses have very different margin profiles.,Neutral,0.8628102540969849,-0.044318802654743195,neutral,No Strategic Focus Areas
Kevan Parekh,Chief Financial Officer,"And so I think, one, it's because of the nature of those businesses and in part also because of the way we account for them.",Neutral,0.9050865173339844,0.06027239188551903,neutral,No Strategic Focus Areas
Kevan Parekh,Chief Financial Officer,And so one of the big factors that drive the Services gross margins and relative performance of those different businesses within the portfolio.,Neutral,0.9163697361946106,0.04326362535357475,neutral,No Strategic Focus Areas
Kevan Parekh,Chief Financial Officer,"We also have the dynamic of some scale businesses like payment services, iCloud, that are actually growing.",Positive,0.6315973401069641,0.6214478611946106,neutral,iCloud
Kevan Parekh,Chief Financial Officer,"And there, when we add incremental users, those end up being accretive to margins as well.",Neutral,0.8480742573738098,0.08735112845897675,neutral,No Strategic Focus Areas
Kevan Parekh,Chief Financial Officer,"And so in general, what we saw in the December quarter was nice momentum across our entire services business that allows us to deliver that 75% margin at the services level.",Positive,0.9464128613471985,0.9346194863319397,neutral,"December quarter, 75%"
Kevan Parekh,Chief Financial Officer,"And I think our guidance takes into consideration what we think we're going to land from a company standpoint of 46.5% to 47.5%, which again, we think is a strong guide.",Positive,0.8148155808448792,0.8068300485610962,neutral,"46.5%, 47.5%"
Operator,Operator,Our next question is from Krish Sankar with TD Cowen.,Neutral,0.9387218356132507,0.009553806856274605,neutral,No Strategic Focus Areas
Krish Sankar,Analyst,"One, the first one for Tim.",Neutral,0.9251545071601868,0.0253472700715065,neutral,One
Krish Sankar,Analyst,"You had very strong Mac growth, 16% year-over-year last quarter.",Positive,0.9437076449394226,0.9299538135528564,neutral,"Mac, 16%, last quarter"
Krish Sankar,Analyst,Just wondering how much of that was driven by some of the Mac silicon innovation versus a replacement cycle for Macs?,Neutral,0.9031028151512146,0.023544318974018097,surprise,Macs
Tim Cook,Chief Executive Officer,"I don't know the answer to your question precisely, but I think it is a combination of these products are so compelling, the M4-based products are so compelling, that it's driving both upgrades at the double-digit level and it's driving switchers at a double-digit level.",Neutral,0.790179431438446,0.16613726317882538,neutral,M4
Tim Cook,Chief Executive Officer,"And so we're seeing both come out, and I think it's just because of the compelling products.",Neutral,0.5253145694732666,0.4288833439350128,neutral,No Strategic Focus Areas
Krish Sankar,Analyst,And then a follow-up for Kevan on the gross margin.,Neutral,0.9273898005485535,0.04161650687456131,neutral,No Strategic Focus Areas
Krish Sankar,Analyst,I want to ask you on the product side.,Neutral,0.930662989616394,0.028079528361558914,neutral,No Strategic Focus Areas
Krish Sankar,Analyst,"Last quarter, you had 39.3%, which is very strong, similar to a year ago period.",Positive,0.795870304107666,0.7751900553703308,neutral,"Last quarter, 39.3%, year ago period"
Krish Sankar,Analyst,I'm kind of curious how much more levels do you have on the product side to improve the gross margin?,Neutral,0.7632953524589539,0.20115025341510773,surprise,No Strategic Focus Areas
Krish Sankar,Analyst,"Or do you think with some of the more new AI-related devices, there's more upside to gross margin from here on the product hardware side?",Neutral,0.6936503052711487,0.24951830506324768,neutral,No Strategic Focus Areas
Kevan Parekh,Chief Financial Officer,"So on the product side, as you mentioned, we had pretty strong sequential improvement, 300 basis points, for the December quarter.",Positive,0.9491726160049438,0.9261139035224915,neutral,"300, December quarter"
Kevan Parekh,Chief Financial Officer,"That was really driven by, we talked about, favorable mix and leverage.",Positive,0.5339339375495911,0.5147920846939087,neutral,No Strategic Focus Areas
Kevan Parekh,Chief Financial Officer,"As you know, in Q1, again, it's a launch quarter for many products, and so we tend to benefit from the leverage that we get from that higher volume.",Positive,0.7557104825973511,0.7383760213851929,neutral,No Strategic Focus Areas
Kevan Parekh,Chief Financial Officer,"I would say, in general, our gross margin on products is driven by a number of factors.",Neutral,0.9112294316291809,0.03832194581627846,neutral,No Strategic Focus Areas
Kevan Parekh,Chief Financial Officer,One of them is the various product launches that we have.,Neutral,0.9363248348236084,0.024177884683012962,neutral,One
Kevan Parekh,Chief Financial Officer,Different products do have different margin profiles.,Neutral,0.895013689994812,-0.03460540249943733,neutral,No Strategic Focus Areas
Kevan Parekh,Chief Financial Officer,And so that mix does make a difference.,Neutral,0.7674142122268677,0.20768272876739502,neutral,No Strategic Focus Areas
Kevan Parekh,Chief Financial Officer,"And in particular, what we're seeing is, for example, many of our mix is across like phone, for example, we're seeing customers gravitate towards our Pro products because of things like affordability that allows our customers to get into our best products, which have favorable gross margins.",Neutral,0.5503667593002319,0.428862065076828,neutral,No Strategic Focus Areas
Kevan Parekh,Chief Financial Officer,"So we're continuing to see that trend, that impacted us in the December quarter.",Negative,0.5206881165504456,-0.23234978318214417,neutral,December quarter
Kevan Parekh,Chief Financial Officer,"As well, I think we're in a favorable commodity environment from a cost standpoint.",Positive,0.5993720889091492,0.5876359939575195,neutral,No Strategic Focus Areas
Kevan Parekh,Chief Financial Officer,And so we're benefiting from that as well in the December quarter.,Positive,0.9519731998443604,0.9354496002197266,neutral,December quarter
Kevan Parekh,Chief Financial Officer,"And then that's going to be, as we talked about, we're going to have a foreign exchange headwind heading into the March quarter, but we figured that's contemplated in the guidance range that we gave, the 46.5% to 47.5%.",Neutral,0.4613197147846222,-0.2937450110912323,neutral,"March quarter, 46.5%, 47.5%"
Suhasini Chandramouli,"Director, Investor Relations","Operator, could we get the next question, please?",Neutral,0.9358330368995667,0.0023513026535511017,neutral,No Strategic Focus Areas
Operator,Operator,Our next question is from Richard Kramer with Arete Research.,Neutral,0.9247430562973022,-0.0032099783420562744,neutral,Arete Research
Richard Kramer,Analyst,I'd like to ask about what might accelerate the pace of Apple Intelligence adoption.,Neutral,0.8361886739730835,0.14202100038528442,neutral,Apple Intelligence
Richard Kramer,Analyst,"I guess do you see this simply as a question of time i.e., to launch more markets and languages or increase the percentage of installed base devices that can support it?",Neutral,0.7041482329368591,0.2702714800834656,neutral,No Strategic Focus Areas
Richard Kramer,Analyst,"Or is it a question of money, i.e., shifting R&D or marketing spend towards AI?",Neutral,0.9100281000137329,-0.012437179684638977,neutral,No Strategic Focus Areas
Richard Kramer,Analyst,"And based on other prior Apple services, do you expect a sort of tipping point where adoption will go mainstream?",Neutral,0.8191665410995483,0.15044210851192474,neutral,Apple
Tim Cook,Chief Executive Officer,I do believe it will go mainstream.,Neutral,0.5064765214920044,0.4735032320022583,neutral,No Strategic Focus Areas
Tim Cook,Chief Executive Officer,I'm getting feedback from people using different features today.,Neutral,0.8926083445549011,0.06433185935020447,neutral,today
Tim Cook,Chief Executive Officer,"And this is -- keep in mind that on the iPhone side of our business, you either have to have an iPhone 15 Pro or iPhone 16 to use Apple Intelligence.",Neutral,0.9295485615730286,0.023806286975741386,neutral,"iPhone, Apple Intelligence"
Tim Cook,Chief Executive Officer,"And so the -- as that base grows, I think the usage will continue to grow.",Positive,0.9190452694892883,0.9095227718353271,neutral,No Strategic Focus Areas
Tim Cook,Chief Executive Officer,"And I think -- I know from my own personal experience, once you start using the features, you can't imagine not using them anymore.",Neutral,0.9064193964004517,0.006010804325342178,surprise,No Strategic Focus Areas
Tim Cook,Chief Executive Officer,"I know I get 100s of e-mails a day, and the summarization function is so important.",Neutral,0.91215580701828,0.02125333622097969,neutral,No Strategic Focus Areas
Tim Cook,Chief Executive Officer,"And of course, in April, we roll out a whole series of new languages that we had mentioned, and so the base grows further.",Positive,0.6422674059867859,0.6306677460670471,neutral,April
Richard Kramer,Analyst,"And then, Kevan, one of Luca's legacies was really getting Apple to record margin levels and also maintaining very consistent pricing across the product range.",Neutral,0.5955915451049805,0.38062915205955505,neutral,"one, Luca, Apple"
Richard Kramer,Analyst,"But taking the current high levels of profitability as fairly stable, what observations might you share about price sensitivity of users and whether having a wider range of pricing across the products might unlocks potentially further market share gains or boost overall product growth?",Positive,0.7580063939094543,0.748130202293396,neutral,No Strategic Focus Areas
Kevan Parekh,Chief Financial Officer,"I think one, I don't think we're going to really depart from what served us pretty well to now.",Neutral,0.6218193769454956,0.21877506375312805,neutral,No Strategic Focus Areas
Kevan Parekh,Chief Financial Officer,"I mean we always take it into consideration, looking at short-term -- comparison between the short term and the long term.",Neutral,0.9267239570617676,0.013928968459367752,neutral,No Strategic Focus Areas
Kevan Parekh,Chief Financial Officer,"I think we've had a pretty disciplined pricing strategy, which would serve us pretty well.",Positive,0.8940613269805908,0.8835850358009338,neutral,No Strategic Focus Areas
Kevan Parekh,Chief Financial Officer,And I think we're going to continually kind of stick with that as far as I can tell.,Neutral,0.8276183605194092,0.1381857693195343,neutral,No Strategic Focus Areas
Suhasini Chandramouli,"Director, Investor Relations","Operator, could we get the next question, please?",Neutral,0.9358330368995667,0.0023513063788414,neutral,No Strategic Focus Areas
Operator,Operator,Our next question is from Atif Malik with Citi.,Neutral,0.929900586605072,-0.002734929323196411,neutral,Citi
Atif Malik,Analyst,How do you guys see the potential tariff impact to your product for consumer demand under Trump 2.0 you guys did find under Trump 1.0?,Neutral,0.8955677151679993,0.049546658992767334,neutral,"Trump 2.0, Trump 1.0"
Tim Cook,Chief Executive Officer,We are monitoring the situation and don't have anything more to add than that.,Neutral,0.9136856198310852,-0.014383658766746521,neutral,No Strategic Focus Areas
Atif Malik,Analyst,"And Tim, as a follow-up, there is a lot of discussion on agentic AI, the use of agents.",Neutral,0.925586998462677,0.043240927159786224,neutral,No Strategic Focus Areas
Atif Malik,Analyst,"Do you guys see the upgraded series expected in April as something that will, let's say, be the killer application among the suite of features that you have announced in Apple Intelligence?",Neutral,0.7364469766616821,0.23712307214736938,neutral,"April, Apple Intelligence"
Tim Cook,Chief Executive Officer,I think the killer feature is different for different people.,Neutral,0.8966444134712219,-0.0033885128796100616,neutral,No Strategic Focus Areas
Tim Cook,Chief Executive Officer,"But I think for most, they're going to find that they're going to use many of the features every day.",Neutral,0.7055259943008423,0.2732946276664734,neutral,every day
Tim Cook,Chief Executive Officer,"And certainly, one of those is the -- is Siri, and that will be coming over the next several months.",Neutral,0.9122993350028992,0.05884590372443199,neutral,"one, next several months"
Suhasini Chandramouli,"Director, Investor Relations","Operator, could we please get the last question?",Neutral,0.934077262878418,-0.007496705278754234,neutral,No Strategic Focus Areas
Operator,Operator,Our last question is from Ben Bollin from Cleveland Research Company.,Neutral,0.9160178303718567,-0.03335435688495636,neutral,Cleveland Research Company
Ben Bollin,Analyst,"Tim, I'm interested in your thoughts and how you would have us think about the average useful life of these devices in the wild.",Neutral,0.9326446652412415,0.03612370043992996,neutral,No Strategic Focus Areas
Ben Bollin,Analyst,"And in particular, curious, if you look at the strength you saw in fiscal â€˜21 and how that might support accelerated refresh opportunity into the future?",Neutral,0.586817741394043,0.3941613435745239,surprise,fiscal â€˜21
Tim Cook,Chief Executive Officer,"Ben, I think it's different for different types of users.",Neutral,0.9075655341148376,0.030952012166380882,neutral,No Strategic Focus Areas
Tim Cook,Chief Executive Officer,I mean you have very early adopter kind of users that are very quick to jump on the latest technology that upgrade very frequently.,Neutral,0.881434977054596,0.07733946293592453,neutral,No Strategic Focus Areas
Tim Cook,Chief Executive Officer,And then you have people that are on the entire opposite side of that barbell.,Neutral,0.8830994963645935,-0.045996442437171936,neutral,No Strategic Focus Areas
Tim Cook,Chief Executive Officer,And most people are between those two points.,Neutral,0.7161540985107422,-0.14835238456726074,neutral,two
Tim Cook,Chief Executive Officer,"And so I do think there were lots of units that are sold during the COVID period of time, and it's a huge opportunity for us as a company to -- for more than one of the product categories.",Neutral,0.6163195967674255,0.3624049127101898,neutral,one
